{
    "shared_ivf": {
        "train_latency_avg": 1.6315787792205811,
        "train_latency_std": 0.031204943346809146,
        "train_latency_p50": 1.6198811531066895,
        "index_size_kb_avg": 1946935.2,
        "index_size_kb_std": 38940.73374963548,
        "index_size_kb_p50": 1964300.0,
        "recall_at_k": 0.9563815165101286,
        "insert_qps_avg": 20000.347384386503,
        "insert_qps_std": 316.7793932664224,
        "insert_lat_avg": 5.0763332583191986e-05,
        "insert_lat_std": 0.000268920063345328,
        "insert_lat_p50": 4.8160552978515625e-05,
        "insert_lat_p99": 6.341934204101562e-05,
        "access_grant_qps_avg": 1236367.9090164327,
        "access_grant_qps_std": 14297.228213040615,
        "access_grant_lat_avg": 8.173834597123346e-07,
        "access_grant_lat_std": 1.0515983970241895e-07,
        "access_grant_lat_p50": 7.947285970052084e-07,
        "access_grant_lat_p99": 1.1920928955078125e-06,
        "insert_grant_qps_avg": 16714.63939250401,
        "insert_grant_qps_std": 235.29880396771952,
        "insert_grant_lat_avg": 6.068548644038153e-05,
        "insert_grant_lat_std": 0.0002690658463857306,
        "insert_grant_lat_p50": 5.698204040527344e-05,
        "insert_grant_lat_p99": 9.560585021972656e-05,
        "query_qps_avg": 102.42593621054701,
        "query_qps_std": 0.897289100123935,
        "query_lat_avg": 0.009889648613491408,
        "query_lat_std": 0.0037396332764902326,
        "query_lat_p50": 0.0095292329788208,
        "query_lat_p99": 0.017463643550872807,
        "delete_qps_avg": 230329.2291243459,
        "delete_qps_std": 4253.558093587939,
        "delete_lat_avg": 4.324025326048978e-06,
        "delete_lat_std": 2.829101758092081e-06,
        "delete_lat_p50": 3.814697265625e-06,
        "delete_lat_p99": 1.2874603271484375e-05
    },
    "shared_hnsw": {
        "train_latency_avg": 8.106231689453125e-07,
        "train_latency_std": 1.1680077279964342e-07,
        "train_latency_p50": 7.152557373046875e-07,
        "index_size_kb_avg": 2348368.0,
        "index_size_kb_std": 41318.427695158,
        "index_size_kb_p50": 2368168.0,
        "recall_at_k": 0.9545815167422962,
        "insert_qps_avg": 8184.751839461253,
        "insert_qps_std": 104.48175311460913,
        "insert_lat_avg": 0.00012067122818790433,
        "insert_lat_std": 0.00010579842461866078,
        "insert_lat_p50": 0.0001163482666015625,
        "insert_lat_p99": 0.00024008750915527344,
        "access_grant_qps_avg": 2553207.760439514,
        "access_grant_qps_std": 56067.63743602228,
        "access_grant_lat_avg": 3.884666989299308e-07,
        "access_grant_lat_std": 2.468843459991752e-07,
        "access_grant_lat_p50": 3.365909352022059e-07,
        "access_grant_lat_p99": 1.0728836059570312e-06,
        "insert_grant_qps_avg": 7891.293060803405,
        "insert_grant_qps_std": 101.7098412208039,
        "insert_grant_lat_avg": 0.00012521023947510042,
        "insert_grant_lat_std": 0.00010597798577487939,
        "insert_grant_lat_p50": 0.00012087821960449219,
        "insert_grant_lat_p99": 0.0002455711364746094,
        "query_qps_avg": 430.0993469085577,
        "query_qps_std": 2.3234049366723215,
        "query_lat_avg": 0.002326679660370473,
        "query_lat_std": 0.004044234428491963,
        "query_lat_p50": 0.0009932518005371094,
        "query_lat_p99": 0.018957173824310135,
        "delete_qps_avg": 458459.4270721927,
        "delete_qps_std": 26293.553170372237,
        "delete_lat_avg": 2.0919309527851215e-06,
        "delete_lat_std": 5.31716620210872e-07,
        "delete_lat_p50": 1.9073486328125e-06,
        "delete_lat_p99": 3.5762786865234375e-06
    },
    "separate_ivf": {
        "train_latency_avg": 214.077916431427,
        "train_latency_std": 0.7745443486398043,
        "train_latency_p50": 214.25498032569885,
        "index_size_kb_avg": 14460480.8,
        "index_size_kb_std": 32974.49568621179,
        "index_size_kb_p50": 14476948.0,
        "recall_at_k": 0.9571566272206898,
        "insert_qps_avg": 22581.478956179744,
        "insert_qps_std": 227.63666884355248,
        "insert_lat_avg": 4.497956618054237e-05,
        "insert_lat_std": 0.00023413051346163482,
        "insert_lat_p50": 4.3392181396484375e-05,
        "insert_lat_p99": 7.224082946777344e-05,
        "access_grant_qps_avg": 28971.576377998164,
        "access_grant_qps_std": 165.62117935742273,
        "access_grant_lat_avg": 3.468385514690978e-05,
        "access_grant_lat_std": 2.5150245222474117e-05,
        "access_grant_lat_p50": 3.3548900059291297e-05,
        "access_grant_lat_p99": 5.286390131170099e-05,
        "insert_grant_qps_avg": 2101.4758259345253,
        "insert_grant_qps_std": 12.988637761983561,
        "insert_grant_lat_avg": 0.0004786325437162256,
        "insert_grant_lat_std": 0.00047914797375143465,
        "insert_grant_lat_p50": 0.00039505958557128906,
        "insert_grant_lat_p99": 0.0019054603576660056,
        "query_qps_avg": 3829.1423719930303,
        "query_qps_std": 169.6071444961545,
        "query_lat_avg": 0.0002569438554349876,
        "query_lat_std": 0.0004524918266337609,
        "query_lat_p50": 0.00015544891357421875,
        "query_lat_p99": 0.001329183578491211,
        "delete_qps_avg": 36117.176463284384,
        "delete_qps_std": 1002.6942708370281,
        "delete_lat_avg": 2.8056387404992225e-05,
        "delete_lat_std": 2.6285417312169528e-05,
        "delete_lat_p50": 2.3603439331054688e-05,
        "delete_lat_p99": 9.560585021972656e-05
    },
    "separate_hnsw": {
        "train_latency_avg": 9.5367431640625e-07,
        "train_latency_std": 0.0,
        "train_latency_p50": 9.5367431640625e-07,
        "index_size_kb_avg": 19402412.0,
        "index_size_kb_std": 0.0,
        "index_size_kb_p50": 19402412.0,
        "recall_at_k": 0.943236349615921,
        "insert_qps_avg": 5639.242263911235,
        "insert_qps_std": 0.0,
        "insert_lat_avg": 0.00017732878872744607,
        "insert_lat_std": 0.000105725249156676,
        "insert_lat_p50": 0.0001671314239501953,
        "insert_lat_p99": 0.0003638267517089844,
        "access_grant_qps_avg": 5175.41569364168,
        "access_grant_qps_std": 0.0,
        "access_grant_lat_avg": 0.00019322119404409623,
        "access_grant_lat_std": 6.890077367501341e-05,
        "access_grant_lat_p50": 0.00018962946805087003,
        "access_grant_lat_p99": 0.00031819061438242605,
        "insert_grant_qps_avg": 395.94794485141296,
        "insert_grant_qps_std": 0.0,
        "insert_grant_lat_avg": 0.002525584519387439,
        "insert_grant_lat_std": 0.0020482831078770256,
        "insert_grant_lat_p50": 0.0020875930786132812,
        "insert_grant_lat_p99": 0.009578742980957011,
        "query_qps_avg": 12587.572840321647,
        "query_qps_std": 0.0,
        "query_lat_avg": 7.944343303394519e-05,
        "query_lat_std": 0.00026592652726989836,
        "query_lat_p50": 6.794929504394531e-05,
        "query_lat_p99": 0.00030517578125,
        "delete_qps_avg": 157260.18996833861,
        "delete_qps_std": 0.0,
        "delete_lat_avg": 6.3588884141710065e-06,
        "delete_lat_std": 4.281439003287449e-05,
        "delete_lat_p50": 5.4836273193359375e-06,
        "delete_lat_p99": 1.0728836059570312e-05
    },
    "ours_ivf": {
        "train_latency_avg": 65.05780739784241,
        "train_latency_std": 0.2967867581778167,
        "train_latency_p50": 65.10603451728821,
        "index_size_kb_avg": 2455393.6,
        "index_size_kb_std": 3338.108302616918,
        "index_size_kb_p50": 2457060.0,
        "recall_at_k": 0.9329418394281817,
        "insert_qps_avg": 53661.009565584536,
        "insert_qps_std": 3182.7559571365528,
        "insert_lat_avg": 1.8039348062257128e-05,
        "insert_lat_std": 0.0004150828079923218,
        "insert_lat_p50": 1.5974044799804688e-05,
        "insert_lat_p99": 2.5510787963867188e-05,
        "access_grant_qps_avg": 411267.6859324793,