{
    "shared_ivf": {"train_latency_avg": 1.3155215740203858, "train_latency_std": 0.013331785170232426, "train_latency_p50": 1.3112518787384033, "index_size_kb_avg": 4319498.4, "index_size_kb_std": 62233.268664276344, "index_size_kb_p50": 4350524.0, "recall_at_k": 0.9449222591946472, "insert_qps_avg": 18739.445177394988, "insert_qps_std": 99.71606392325893, "insert_lat_avg": 5.3757709474419827e-05, "insert_lat_std": 0.00044663668103043196, "insert_lat_p50": 4.9114227294921875e-05, "insert_lat_p99": 6.699562072753906e-05, "access_grant_qps_avg": 1209610.2801872895, "access_grant_qps_std": 12934.738577204393, "access_grant_lat_avg": 8.342516596716432e-07, "access_grant_lat_std": 5.485107592033022e-07, "access_grant_lat_p50": 8.106231689453125e-07, "access_grant_lat_p99": 1.430511474609375e-06, "insert_grant_qps_avg": 16530.23675254931, "insert_grant_qps_std": 77.98396411971193, "insert_grant_lat_avg": 6.0940006150672185e-05, "insert_grant_lat_std": 0.0004467453917416165, "insert_grant_lat_p50": 5.602836608886719e-05, "insert_grant_lat_p99": 8.034706115722656e-05, "query_qps_avg": 14.080660187363373, "query_qps_std": 0.16803593073133005, "query_lat_avg": 0.06963401242976057, "query_lat_std": 0.016199709969968404, "query_lat_p50": 0.06653237342834473, "query_lat_p99": 0.11881958246231078, "delete_qps_avg": 204075.85246197405, "delete_qps_std": 6396.054405682419, "delete_lat_avg": 4.657071559273418e-06, "delete_lat_std": 4.374669645540354e-06, "delete_lat_p50": 4.0531158447265625e-06, "delete_lat_p99": 1.5974044799804688e-05},
    "shared_hnsw": {"train_latency_avg": 7.62939453125e-07, "train_latency_std": 9.536743164062499e-08, "train_latency_p50": 7.152557373046875e-07, "index_size_kb_avg": 5146378.4, "index_size_kb_std": 62841.2003246278, "index_size_kb_p50": 5177792.0, "recall_at_k": 0.9393229166666667, "insert_qps_avg": 5024.835325361334, "insert_qps_std": 29.823258873104756, "insert_lat_avg": 0.00019681244771085194, "insert_lat_std": 0.00014163768577968384, "insert_lat_p50": 0.0001900196075439453, "insert_lat_p99": 0.0003604888916015625, "access_grant_qps_avg": 1873168.969751514, "access_grant_qps_std": 14568.841669418793, "access_grant_lat_avg": 5.297043383590996e-07, "access_grant_lat_std": 1.071585296663024e-06, "access_grant_lat_p50": 4.76837158203125e-07, "access_grant_lat_p99": 1.5735626220703124e-06, "insert_grant_qps_avg": 4920.455478240697, "insert_grant_qps_std": 28.736007931610956, "insert_grant_lat_avg": 0.00020100517512565882, "insert_grant_lat_std": 0.0001420067309218155, "insert_grant_lat_p50": 0.00019407272338867188, "insert_grant_lat_p99": 0.0003654956817626953, "query_qps_avg": 19.344464922628866, "query_qps_std": 0.06933811529603044, "query_lat_avg": 0.051424999491021195, "query_lat_std": 0.14505748286087594, "query_lat_p50": 0.007414698600769043, "query_lat_p99": 0.6424719762802112, "delete_qps_avg": 470563.5480929331, "delete_qps_std": 8311.686927647825, "delete_lat_avg": 2.13255127470697e-06, "delete_lat_std": 4.12559228363686e-06, "delete_lat_p50": 1.9073486328125e-06, "delete_lat_p99": 4.5299530029296875e-06},
    "separate_ivf": {"train_latency_avg": 85.97879343032837, "train_latency_std": 1.7277752612035004, "train_latency_p50": 84.97979712486267, "index_size_kb_avg": 38527807.2, "index_size_kb_std": 144335.0278739018, "index_size_kb_p50": 38556288.0, "recall_at_k": 0.9592499101786279, "insert_qps_avg": 15523.185891314855, "insert_qps_std": 143.48510666350165, "insert_lat_avg": 6.504256665407114e-05, "insert_lat_std": 0.00038297898157081824, "insert_lat_p50": 6.318092346191406e-05, "insert_lat_p99": 8.916854858398438e-05, "access_grant_qps_avg": 18338.461741734016, "access_grant_qps_std": 174.23018909462903, "access_grant_lat_avg": 5.5163108675135446e-05, "access_grant_lat_std": 5.872339552026974e-05, "access_grant_lat_p50": 5.2950598976828836e-05, "access_grant_lat_p99": 0.00010715831409801136, "insert_grant_qps_avg": 1832.9221274204338, "insert_grant_qps_std": 17.483440230119985, "insert_grant_lat_avg": 0.0005517031929600778, "insert_grant_lat_std": 0.0006490585746654008, "insert_grant_lat_p50": 0.0003571510314941406, "insert_grant_lat_p99": 0.0016050338745117188, "query_qps_avg": 452.5829653049665, "query_qps_std": 21.739535516886505, "query_lat_avg": 0.0022525836383026827, "query_lat_std": 0.001952125392257927, "query_lat_p50": 0.0018106698989868164, "query_lat_p99": 0.008551530838012689, "delete_qps_avg": 43873.420580980186, "delete_qps_std": 1824.0506807848435, "delete_lat_avg": 2.1631126068345267e-05, "delete_lat_std": 1.7431520466037303e-05, "delete_lat_p50": 1.7404556274414062e-05, "delete_lat_p99": 5.412101745605469e-05},
    "separate_hnsw": {"train_latency_avg": 1.0967254638671874e-06, "train_latency_std": 1.1680077279964343e-07, "train_latency_p50": 1.1920928955078125e-06, "index_size_kb_avg": 43643835.2, "index_size_kb_std": 133712.52656112667, "index_size_kb_p50": 43678344.0, "recall_at_k": 0.952139870542355, "insert_qps_avg": 2835.360616882761, "insert_qps_std": 4.214989499562162, "insert_lat_avg": 0.0003527580317540384, "insert_lat_std": 0.00021193716419245094, "insert_lat_p50": 0.000335693359375, "insert_lat_p99": 0.0008339881896972656, "access_grant_qps_avg": 2504.9019762884463, "access_grant_qps_std": 3.8836345562347643, "access_grant_lat_avg": 0.00039928560575155263, "access_grant_lat_std": 0.00012324366621559206, "access_grant_lat_p50": 0.0003894329071044922, "access_grant_lat_p99": 0.0007070629736956429, "insert_grant_qps_avg": 254.82021948844127, "insert_grant_qps_std": 0.37377741501456846, "insert_grant_lat_avg": 0.003925042589944811, "insert_grant_lat_std": 0.0026781543325421985, "insert_grant_lat_p50": 0.0029296875, "insert_grant_lat_p99": 0.01312112808227539, "query_qps_avg": 2252.2183345499457, "query_qps_std": 78.01754765004243, "query_lat_avg": 0.0004511146974262616, "query_lat_std": 0.00023070833878369908, "query_lat_p50": 0.0004088878631591797, "query_lat_p99": 0.001535718441009519, "delete_qps_avg": 341800.15538859676, "delete_qps_std": 8178.68876064605, "delete_lat_avg": 2.915009781343853e-06, "delete_lat_std": 5.839604854609716e-06, "delete_lat_p50": 2.6226043701171875e-06, "delete_lat_p99": 6.198883056640625e-06},
    "ours_ivf": {"train_latency_avg": 146.85715684890747, "train_latency_std": 0.43040280817202425, "train_latency_p50": 146.73680210113525, "index_size_kb_avg": 5040928.8, "index_size_kb_std": 147281.29853637223, "index_size_kb_p50": 5073728.0, "recall_at_k": 0.9381077580457934, "insert_qps_avg": 38835.93942699601, "insert_qps_std": 900.584583653024, "insert_lat_avg": 2.544689274313462e-05, "insert_lat_std": 0.0006088038689549874, "insert_lat_p50": 2.2649765014648438e-05, "insert_lat_p99": 4.076957702636719e-05, "access_grant_qps_avg": 409559.29974131135, "access_grant_qps_std": 4919.1321978085525, "access_grant_lat_avg": 2.4277979500251914e-06, "access_grant_lat_std": 3.930351783506495e-06, "access_grant_lat_p50": 2.0590695467862217e-06, "access_grant_lat_p99": 1.299899557362432e-05, "insert_grant_qps_avg": 21389.849700290917, "insert_grant_qps_std": 388.61735422042057, "insert_grant_lat_avg": 4.6319443616435756e-05, "insert_grant_lat_std": 0.0006097597371229922, "insert_grant_lat_p50": 3.814697265625e-05, "insert_grant_lat_p99": 0.0003032684326171875, "query_qps_avg": 767.37642006995, "query_qps_std": 12.84755182983571, "query_lat_avg": 0.001275256141335466, "query_lat_std": 0.0008601469227702042, "query_lat_p50": 0.0012636184692382812, "query_lat_p99": 0.001668691635131836, "delete_qps_avg": 64438.11536315377, "delete_qps_std": 859.6921606805406, "delete_lat_avg": 1.5270734552162976e-05, "delete_lat_std": 1.3587822401966015e-05, "delete_lat_p50": 1.2874603271484375e-05, "delete_lat_p99": 4.220008850097656e-05}
}